id,company,title,season,season_inferred,seasons,program,remote,category,location,sponsorship,h1b_approvals,salary,skills,posted_at,posted_at_source,first_seen_at,url
lever:hermeus:5b08e2df-c9db-4831-aece-67d89e744796,Hermeus,Software Engineering Intern (Command & Control) - Spring/Summer 2027,Spring 2027,False,,Internship,,Software,"Atlanta, GA",citizens-only,,25–33 USD/hr,C++; TypeScript; JavaScript; React; Angular,2026-09-03T02:07:59Z,exact,2026-09-03T05:15:39Z,https://jobs.lever.co/hermeus/5b08e2df-c9db-4831-aece-67d89e744796
ashby:reflect-orbital:d2ad1427-89aa-404d-8678-7b8e6dace5e2,Reflect Orbital,Flight Software Engineering Intern,Not stated,True,,Internship,,Software,"Hawthorne, CA",unknown,,$27 – $31 per hour,,2026-09-02T21:57:24.003+00:00,exact,2026-09-02T22:48:52Z,https://jobs.ashbyhq.com/reflect-orbital/d2ad1427-89aa-404d-8678-7b8e6dace5e2
ashby:reflect-orbital:d5ade048-5555-4a77-b002-d117254b6e6b,Reflect Orbital,Embedded Firmware Engineering Intern,Not stated,True,,Internship,,Hardware,"Hawthorne, CA",unknown,,$27 – $31 per hour,Python; C++,2026-09-02T21:57:26.937+00:00,exact,2026-09-02T22:48:52Z,https://jobs.ashbyhq.com/reflect-orbital/d5ade048-5555-4a77-b002-d117254b6e6b
greenhouse:fspco-op012325:8769080002,Flagship Pioneering,Pioneering Intelligence: Agentic AI Co-Op,Not stated,True,,Co-op,,Data & ML/AI,"Cambridge, MA USA",unknown,6,$25–$45/hr,Python,2026-09-02T09:51:40-04:00,exact,2026-09-02T17:34:18Z,https://job-boards.greenhouse.io/fspco-op012325/jobs/8769080002
greenhouse:testnisc:8167886,National Information Solutions Cooperative (NISC),Intern - Data Engineer,Not stated,True,,Internship,,Data & ML/AI,"Mandan, ND",unknown,,,Python; Java; SQL; Scala; LLMs; AWS; Git; Airflow,2026-09-02T12:39:49-04:00,exact,2026-09-02T17:34:18Z,https://job-boards.greenhouse.io/testnisc/jobs/8167886
greenhouse:testnisc:8174096,National Information Solutions Cooperative (NISC),Intern - Software Development,Not stated,True,,Internship,,Software,"Mandan, ND",unknown,,,Java; TypeScript; JavaScript; Angular; HTML/CSS; AWS; Linux; PostgreSQL,2026-09-02T12:46:41-04:00,exact,2026-09-02T17:34:18Z,https://job-boards.greenhouse.io/testnisc/jobs/8174096
oracle:ejhp.fa.us6.oraclecloud.com:2622615,Sherwin-Williams,"Year-Round IT Co-op, Cybersecurity",Not stated,True,,Co-op,,Security,"Cleveland, OH, United States",unknown,94,,,2026-09-02,date_only,2026-09-02T17:34:18Z,https://ejhp.fa.us6.oraclecloud.com/hcmUI/CandidateExperience/en/sites/CX_2/job/2622615
smartrecruiters:LLNL:3743990015035697,Lawrence Livermore National Laboratory (LLNL),Protocol and Special Events Undergraduate AI and Digital Solutions Intern,Not stated,True,,Internship,yes,Data & ML/AI,"Livermore, CA, United States (Remote)",citizens-only,,,LLMs,2026-09-02T22:26:31.063Z,exact,2026-09-02T22:48:52Z,https://jobs.smartrecruiters.com/LLNL/3743990015035697
smartrecruiters:Winsupply1:3743990015014717,Winsupply,Software Developer Intern,Not stated,True,,Internship,,Software,"Moraine, OH, United States",unknown,13,,Python; Java; Angular,2026-09-02T13:56:11.233Z,exact,2026-09-02T17:34:18Z,https://jobs.smartrecruiters.com/Winsupply1/3743990015014717
workday:copart:/job/Dallas-TX---Headquarters/Software-Engineering-Intern_JR111173,Copart,Software Engineering Intern,Not stated,True,,Internship,,Software,"Dallas, TX - Headquarters",unknown,83,,JavaScript; HTML/CSS,2026-09-02T00:00:00Z,date_only,2026-09-02T20:20:43Z,https://copart.wd12.myworkdayjobs.com/copart/job/Dallas-TX---Headquarters/Software-Engineering-Intern_JR111173
workday:genpt:/job/Birmingham-AL-USA/Software-Engineer---QA-Analyst-Intern_R26_0000029235,Genuine Parts Company,Software Engineer - QA Analyst Intern,Not stated,True,,Internship,,Software,"Birmingham, AL, USA",unknown,63,,Java; SQL; Selenium,2026-09-02T00:00:00Z,date_only,2026-09-02T20:20:43Z,https://genpt.wd1.myworkdayjobs.com/Careers/job/Birmingham-AL-USA/Software-Engineer---QA-Analyst-Intern_R26_0000029235
workday:genpt:/job/Birmingham-AL-USA/Software-Engineer---QA-Analyst-Intern_R26_0000029236,Genuine Parts Company,Software Engineer - QA Analyst Intern,Not stated,True,,Internship,,Software,"Birmingham, AL, USA",unknown,63,,Java; SQL; Selenium,2026-09-02T00:00:00Z,date_only,2026-09-02T20:20:43Z,https://genpt.wd1.myworkdayjobs.com/Careers/job/Birmingham-AL-USA/Software-Engineer---QA-Analyst-Intern_R26_0000029236
workday:genpt:/job/Birmingham-AL-USA/Web-Developer-Intern_R26_0000029238,Genuine Parts Company,Web Developer Intern,Not stated,True,,Internship,,Software,"Birmingham, AL, USA",unknown,63,,Java; React; Next.js; Angular; GCP; Linux; Git,2026-09-02T00:00:00Z,date_only,2026-09-02T20:20:43Z,https://genpt.wd1.myworkdayjobs.com/Careers/job/Birmingham-AL-USA/Web-Developer-Intern_R26_0000029238
workday:globalhr:/job/US-IA-CEDAR-RAPIDS-105--400-Collins-Rd-NE--BLDG-105/Software-Engineering-Co-op--Winter-Spring-2027-_01870191,RTX,Software Engineering Co-op (Winter/Spring 2027),Spring 2027,False,,Co-op,,Software,US-IA-CEDAR RAPIDS-105 ~ 400 Collins Rd NE ~ BLDG 105,no-sponsorship,,,Python; C++,2026-09-02T00:00:00Z,date_only,2026-09-02T20:20:43Z,https://globalhr.wd5.myworkdayjobs.com/rec_rtx_ext_gateway/job/US-IA-CEDAR-RAPIDS-105--400-Collins-Rd-NE--BLDG-105/Software-Engineering-Co-op--Winter-Spring-2027-_01870191
workday:hp:/job/Spring-Texas-United-States-of-America/Software-Product-Security-Engineer-Intern_UNI4744-1,Hewlett Packard (HP),Software Product Security Engineer Intern,Not stated,True,,Internship,,Security,"Spring, Texas, United States of America",no-sponsorship,,$35–$40/hr,Python; C++; C#; TypeScript,2026-09-02T00:00:00Z,date_only,2026-09-02T22:48:52Z,https://hp.wd5.myworkdayjobs.com/ExternalCareerSite/job/Spring-Texas-United-States-of-America/Software-Product-Security-Engineer-Intern_UNI4744-1
workday:intel:/job/US-California-Folsom/Software-Development-Graduate-Intern_JR0285451-1,Intel,Software Development Graduate Intern,Not stated,True,,Internship,,Software,"US, California, Folsom",unknown,4758,,Python; C++; PyTorch; TensorFlow; scikit-learn; LLMs; Linux,2026-09-02T00:00:00Z,date_only,2026-09-03T00:50:41Z,https://intel.wd1.myworkdayjobs.com/external/job/US-California-Folsom/Software-Development-Graduate-Intern_JR0285451-1
workday:lego:/job/Boston-Hub/Firmware-Engineering-Co-Op---Spring-2027_0000037765,Lego,Firmware Engineering Co-Op - Spring 2027,Spring 2027,False,,Co-op,,Hardware,United States of America,unknown,,,Python,2026-09-02T00:00:00Z,date_only,2026-09-02T17:34:18Z,https://lego.wd103.myworkdayjobs.com/lego_executive/job/Boston-Hub/Firmware-Engineering-Co-Op---Spring-2027_0000037765
workday:magna:/job/Southfield-Michigan-US/Intern---Engineering-Software_R00258617,Magna International,Intern - Engineering Software,Not stated,True,,Internship,,Software,"Southfield, Michigan, US",unknown,141,,Python; C++; Bash; Linux; Git,2026-09-02T00:00:00Z,date_only,2026-09-02T17:34:18Z,https://magna.wd3.myworkdayjobs.com/Magna/job/Southfield-Michigan-US/Intern---Engineering-Software_R00258617
workday:ngc:/job/United-States-Maryland-Linthicum/XMLNAME-2027-Software-Engineer-Intern---Linthicum-Maryland_R10248910,Northrop Grumman,2027 Software Engineer Intern - Linthicum Maryland,Spring 2027,False,,Internship,,Software,United States-Maryland-Linthicum,citizens-only,,,,2026-09-02T00:00:00Z,date_only,2026-09-02T17:34:18Z,https://ngc.wd1.myworkdayjobs.com/Northrop_Grumman_External_Site/job/United-States-Maryland-Linthicum/XMLNAME-2027-Software-Engineer-Intern---Linthicum-Maryland_R10248910
workday:stryker:/job/Flower-Mound-Texas/Commercial-Operations-Software-Engineering-Intern---Flower-Mound--TX_R572941,Stryker,"Commercial Operations Software Engineering Intern - Flower Mound, TX",Not stated,True,,Internship,,Software,"Flower Mound, Texas",unknown,104,,,2026-09-02T00:00:00Z,date_only,2026-09-02T17:34:18Z,https://stryker.wd1.myworkdayjobs.com/StrykerCareers/job/Flower-Mound-Texas/Commercial-Operations-Software-Engineering-Intern---Flower-Mound--TX_R572941
ashby:valon:b5a62c0c-823c-42dd-8cb5-e4b1455bcc64,Valon,Software Engineer Intern,Not stated,True,,Internship,,Software,New York,unknown,,$60/hr,Python; React; GCP; Kubernetes; Docker,2026-09-01T21:01:57.937+00:00,exact,2026-09-02T05:26:29Z,https://jobs.ashbyhq.com/valon/b5a62c0c-823c-42dd-8cb5-e4b1455bcc64
greenhouse:eulerity:4709040006,Eulerity,Backend Developer Intern,Not stated,True,,Internship,,Software,"New York, New York",unknown,,$17–$19/hr,Java; LLMs; Git,2026-09-01T17:08:29-04:00,exact,2026-09-02T05:26:29Z,https://job-boards.greenhouse.io/eulerity/jobs/4709040006
lever:hermeus:445db430-6f81-41cf-847a-56a947afb936,Hermeus,Software Engineering Intern (Modeling & Simulation) - Spring/Summer 2027,Spring 2027,False,,Internship,,Software,"Los Angeles, CA",citizens-only,,25–33 USD/hr,Python; C++; MATLAB,2026-09-01T18:28:54Z,exact,2026-09-02T05:26:29Z,https://jobs.lever.co/hermeus/445db430-6f81-41cf-847a-56a947afb936
lever:hermeus:d87ed913-affc-475e-b721-c5b5f11c3c7b,Hermeus,Software Engineering Intern (HIL) - Spring/Summer 2027,Spring 2027,False,,Internship,,Software,"Atlanta, GA",citizens-only,,25–33 USD/hr,Python; C++; MATLAB,2026-09-01T15:30:22Z,exact,2026-09-02T05:26:29Z,https://jobs.lever.co/hermeus/d87ed913-affc-475e-b721-c5b5f11c3c7b
oracle:hdjq.fa.us2.oraclecloud.com:26007510,Emerson Electric,AI Engineering Co-Op,Not stated,True,,Co-op,,Data & ML/AI,"Marshalltown, IA, United States",unknown,8,,Python; LLMs; Git,2026-09-01,date_only,2026-09-02T05:26:29Z,https://hdjq.fa.us2.oraclecloud.com/hcmUI/CandidateExperience/en/sites/CX_1/job/26007510
oracle:hdjq.fa.us2.oraclecloud.com:26008442,Emerson Electric,Software Engineering Co-Op,Not stated,True,,Co-op,,Software,"Marshalltown, IA, United States",unknown,8,,Java; JavaScript; SQL; HTML/CSS,2026-09-01,date_only,2026-09-02T05:26:29Z,https://hdjq.fa.us2.oraclecloud.com/hcmUI/CandidateExperience/en/sites/CX_1/job/26008442
oracle:hdjq.fa.us2.oraclecloud.com:26008443,Emerson Electric,Embedded Software Co-Op,Not stated,True,,Co-op,,Software,"Marshalltown, IA, United States",unknown,8,,C++; C#,2026-09-01,date_only,2026-09-02T05:26:29Z,https://hdjq.fa.us2.oraclecloud.com/hcmUI/CandidateExperience/en/sites/CX_1/job/26008443
oracle:hdjq.fa.us2.oraclecloud.com:26008761,Emerson Electric,Firmware Engineer Co-Op,Not stated,True,,Co-op,,Hardware,"Marshalltown, IA, United States",unknown,8,,C++; Azure; Git,2026-09-01,date_only,2026-09-02T05:26:29Z,https://hdjq.fa.us2.oraclecloud.com/hcmUI/CandidateExperience/en/sites/CX_1/job/26008761
oracle:hdjq.fa.us2.oraclecloud.com:26008762,Emerson Electric,Machine Learning R&D Co-Op,Not stated,True,,Co-op,,Data & ML/AI,"Marshalltown, IA, United States",unknown,8,,Python; MATLAB; PyTorch; TensorFlow; scikit-learn; Pandas,2026-09-01,date_only,2026-09-02T05:26:29Z,https://hdjq.fa.us2.oraclecloud.com/hcmUI/CandidateExperience/en/sites/CX_1/job/26008762
oracle:hdjq.fa.us2.oraclecloud.com:26009200,Emerson Electric,Data Analyst Co-Op,Not stated,True,,Co-op,,Data & ML/AI,"Marshalltown, IA, United States",unknown,8,,Python; Java; C++; C#; SQL,2026-09-01,date_only,2026-09-02T05:26:29Z,https://hdjq.fa.us2.oraclecloud.com/hcmUI/CandidateExperience/en/sites/CX_1/job/26009200
oracle:hdjq.fa.us2.oraclecloud.com:26009321,Emerson Electric,Cybersecurity Engineering Co-op (Jan27-May27),Not stated,True,,Co-op,,Security,"Shakopee, MN, United States",unknown,8,,Python; C++,2026-09-01,date_only,2026-09-02T05:26:29Z,https://hdjq.fa.us2.oraclecloud.com/hcmUI/CandidateExperience/en/sites/CX_1/job/26009321
oracle:hdjq.fa.us2.oraclecloud.com:26009324,Emerson Electric,Cybersecurity Engineering Intern,Not stated,True,,Internship,,Security,"Shakopee, MN, United States",unknown,8,,Python; C++,2026-09-01,date_only,2026-09-02T05:26:29Z,https://hdjq.fa.us2.oraclecloud.com/hcmUI/CandidateExperience/en/sites/CX_1/job/26009324
oracle:hdjq.fa.us2.oraclecloud.com:26009454,Emerson Electric,Software Engineering Spring Co-op (Jan27- May27),Not stated,True,,Co-op,,Software,"Shakopee, MN, United States",unknown,8,,,2026-09-01,date_only,2026-09-02T05:26:29Z,https://hdjq.fa.us2.oraclecloud.com/hcmUI/CandidateExperience/en/sites/CX_1/job/26009454
oracle:hdjq.fa.us2.oraclecloud.com:26009478,Emerson Electric,Cybersecurity Engineering Intern,Not stated,True,,Internship,,Security,"Boulder, CO, United States",unknown,8,,Python; C++,2026-09-01,date_only,2026-09-02T05:26:29Z,https://hdjq.fa.us2.oraclecloud.com/hcmUI/CandidateExperience/en/sites/CX_1/job/26009478
oracle:hdjq.fa.us2.oraclecloud.com:26009488,Emerson Electric,Data Science Engineering Intern,Not stated,True,,Internship,,Data & ML/AI,"Boulder, CO, United States",unknown,8,,Python; SQL; Tableau,2026-09-01,date_only,2026-09-02T05:26:29Z,https://hdjq.fa.us2.oraclecloud.com/hcmUI/CandidateExperience/en/sites/CX_1/job/26009488
oracle:hdjq.fa.us2.oraclecloud.com:26009500,Emerson Electric,Software Engineering Intern,Not stated,True,,Internship,,Software,"Houston, TX, United States",unknown,8,,,2026-09-01,date_only,2026-09-02T05:26:29Z,https://hdjq.fa.us2.oraclecloud.com/hcmUI/CandidateExperience/en/sites/CX_1/job/26009500
oracle:hdjq.fa.us2.oraclecloud.com:26009673,Emerson Electric,Software Engineering Intern,Not stated,True,,Internship,,Software,"Shakopee, MN, United States; Chanhassen, MN, United States; Eden Prairie, MN, United States",unknown,8,,,2026-09-01,date_only,2026-09-02T05:26:29Z,https://hdjq.fa.us2.oraclecloud.com/hcmUI/CandidateExperience/en/sites/CX_1/job/26009673
workday:altera:/job/San-Jose-California-United-States/Graduate-Intern---Engineering-Infrastructure_R03066,Altera Corporation,Graduate Intern - Engineering Infrastructure,Not stated,True,,Internship,,Software,"San Jose, California, United States",unknown,,,Python; Bash; AWS; Terraform; Linux,2026-09-01T00:00:00Z,date_only,2026-09-02T05:26:29Z,https://altera.wd1.myworkdayjobs.com/altera/job/San-Jose-California-United-States/Graduate-Intern---Engineering-Infrastructure_R03066
workday:caci:/job/Danbury-CT-US/Embedded-Software-Engineering-Co-op---Spring-2027_331368,CACI,Embedded Software Engineering Co-op - Spring 2027,Spring 2027,False,,Co-op,,Software,"Danbury, CT, US",unknown,,,Python; C++; C#; Linux; Git,2026-09-01T00:00:00Z,date_only,2026-09-02T17:34:18Z,https://caci.wd1.myworkdayjobs.com/external/job/Danbury-CT-US/Embedded-Software-Engineering-Co-op---Spring-2027_331368
workday:clearwateranalytics:/job/Office---New-York/Quant-Developer-Intern_R12182,CWAN,Quant Developer Intern,Not stated,True,,Internship,,Quant,Office - New York,unknown,,,Java,2026-09-01T00:00:00Z,date_only,2026-09-02T05:26:29Z,https://clearwateranalytics.wd1.myworkdayjobs.com/Clearwater_Analytics_Careers/job/Office---New-York/Quant-Developer-Intern_R12182
workday:clearwateranalytics:/job/Office---New-York/Quant-Developer-Intern_R12183,CWAN,Quant Developer Intern,Not stated,True,,Internship,,Quant,Office - New York,unknown,,,Java,2026-09-01T00:00:00Z,date_only,2026-09-02T05:26:29Z,https://clearwateranalytics.wd1.myworkdayjobs.com/Clearwater_Analytics_Careers/job/Office---New-York/Quant-Developer-Intern_R12183
workday:clearwateranalytics:/job/Office---New-York/Quant-Developer-Intern_R12184,CWAN,Quant Developer Intern,Not stated,True,,Internship,,Quant,Office - New York,unknown,,,Java,2026-09-01T00:00:00Z,date_only,2026-09-02T05:26:29Z,https://clearwateranalytics.wd1.myworkdayjobs.com/Clearwater_Analytics_Careers/job/Office---New-York/Quant-Developer-Intern_R12184
workday:clearwateranalytics:/job/Office---New-York/Quant-Developer-Intern_R12185,CWAN,Quant Developer Intern,Not stated,True,,Internship,,Quant,Office - New York,unknown,,,Java,2026-09-01T00:00:00Z,date_only,2026-09-02T05:26:29Z,https://clearwateranalytics.wd1.myworkdayjobs.com/Clearwater_Analytics_Careers/job/Office---New-York/Quant-Developer-Intern_R12185
workday:fifththird:/job/Cincinnati-OH/Software-Engineer-Co-Op---Enterprise-Finance-Applications---Spring-2027_R71587,Fifth Third Bank,Software Engineer Co-Op - Enterprise Finance Applications - Spring 2027,Spring 2027,False,,Co-op,,Software,"Cincinnati, OH",unknown,,,Java; LLMs; Node.js; Angular; Spring,2026-09-01T00:00:00Z,date_only,2026-09-02T05:26:29Z,https://fifththird.wd5.myworkdayjobs.com/53careers/job/Cincinnati-OH/Software-Engineer-Co-Op---Enterprise-Finance-Applications---Spring-2027_R71587
workday:genpt:/job/Birmingham-AL-USA/Cloud-Developer-Intern_R26_0000029133,Genuine Parts Company,Cloud Developer Intern,Not stated,True,,Internship,,Software,"Birmingham, AL, USA",unknown,63,,Java; GCP; Linux; Git,2026-09-01T00:00:00Z,date_only,2026-09-02T05:26:29Z,https://genpt.wd1.myworkdayjobs.com/Careers/job/Birmingham-AL-USA/Cloud-Developer-Intern_R26_0000029133
workday:genpt:/job/Birmingham-AL-USA/Cloud-SRE-Intern_R26_0000029134,Genuine Parts Company,Cloud SRE Intern,Not stated,True,,Internship,,Software,"Birmingham, AL, USA",unknown,63,,GCP,2026-09-01T00:00:00Z,date_only,2026-09-02T05:26:29Z,https://genpt.wd1.myworkdayjobs.com/Careers/job/Birmingham-AL-USA/Cloud-SRE-Intern_R26_0000029134
workday:genpt:/job/Birmingham-AL-USA/Customer-Software-Development-Intern_R26_0000029135,Genuine Parts Company,Customer Software Development Intern,Not stated,True,,Internship,,Software,"Birmingham, AL, USA",unknown,63,,Java; SQL,2026-09-01T00:00:00Z,date_only,2026-09-02T05:26:29Z,https://genpt.wd1.myworkdayjobs.com/Careers/job/Birmingham-AL-USA/Customer-Software-Development-Intern_R26_0000029135
workday:genpt:/job/Birmingham-AL-USA/GRC-Cybersecurity-Analyst-Intern_R26_0000029137,Genuine Parts Company,GRC/Cybersecurity Analyst Intern,Not stated,True,,Internship,,Security,"Birmingham, AL, USA",unknown,63,,Linux,2026-09-01T00:00:00Z,date_only,2026-09-02T05:26:29Z,https://genpt.wd1.myworkdayjobs.com/Careers/job/Birmingham-AL-USA/GRC-Cybersecurity-Analyst-Intern_R26_0000029137
workday:genpt:/job/Birmingham-AL-USA/Platform-Engineering-Intern_R26_0000029141,Genuine Parts Company,Platform Engineering Intern,Not stated,True,,Internship,,Software,"Birmingham, AL, USA",unknown,63,,GCP,2026-09-01T00:00:00Z,date_only,2026-09-02T05:26:29Z,https://genpt.wd1.myworkdayjobs.com/Careers/job/Birmingham-AL-USA/Platform-Engineering-Intern_R26_0000029141
workday:genpt:/job/Birmingham-AL-USA/Software-Developer-Intern_R26_0000029140,Genuine Parts Company,Software Developer Intern,Not stated,True,,Internship,,Software,"Birmingham, AL, USA",unknown,63,,Java; SQL; GCP; Linux; Git,2026-09-01T00:00:00Z,date_only,2026-09-02T05:26:29Z,https://genpt.wd1.myworkdayjobs.com/Careers/job/Birmingham-AL-USA/Software-Developer-Intern_R26_0000029140
workday:ingredion:/job/Westchester-IL/AI---Data-Scientist-Intern_Req-40007-1,Ingredion,AI & Data Scientist Intern,Not stated,True,,Internship,,Data & ML/AI,"Westchester, IL",unknown,4,$20–$25/hr,SQL; PyTorch; TensorFlow; scikit-learn; AWS; GCP; Azure; Hadoop,2026-09-01T00:00:00Z,date_only,2026-09-02T17:34:18Z,https://ingredion.wd1.myworkdayjobs.com/IngredionCareers/job/Westchester-IL/AI---Data-Scientist-Intern_Req-40007-1
workday:nike:/job/Beaverton-Oregon/NIKE--Inc-Artificial-Intelligence--Data----Machine-Learning-Engineering-Undergraduate-Internship_R-91110,Nike,"NIKE, Inc. Artificial Intelligence, Data, & Machine Learning Engineering Undergraduate Internship",Not stated,True,,Internship,,Data & ML/AI,"Beaverton, Oregon",unknown,484,,Python; SQL; LLMs; Computer Vision; AWS; Databricks; Tableau,2026-09-01T00:00:00Z,date_only,2026-09-02T17:34:18Z,https://nike.wd1.myworkdayjobs.com/nke/job/Beaverton-Oregon/NIKE--Inc-Artificial-Intelligence--Data----Machine-Learning-Engineering-Undergraduate-Internship_R-91110
workday:nike:/job/Beaverton-Oregon/NIKE--Inc-Software-Engineering-Undergraduate-Internship_R-91111,Nike,"NIKE, Inc. Software Engineering Undergraduate Internship",Not stated,True,,Internship,,Software,"Beaverton, Oregon",unknown,484,,Python; Java; C#; JavaScript; Swift; React; Node.js; AWS,2026-09-01T00:00:00Z,date_only,2026-09-02T17:34:18Z,https://nike.wd1.myworkdayjobs.com/nke/job/Beaverton-Oregon/NIKE--Inc-Software-Engineering-Undergraduate-Internship_R-91111
workday:ntrs:/job/Chicago-IL/Technology-Intern---Data-Science-and-Analytics_R160865-1,Northern Trust,Technology Intern – Data Science and Analytics,Not stated,True,,Internship,,Data & ML/AI,"Chicago, IL",no-sponsorship,144,,Python; SQL; Bash; LLMs; Tableau,2026-09-01T00:00:00Z,date_only,2026-09-02T05:26:29Z,https://ntrs.wd1.myworkdayjobs.com/northerntrust/job/Chicago-IL/Technology-Intern---Data-Science-and-Analytics_R160865-1
workday:ntrs:/job/Chicago-IL/Technology-Intern---Information-Security_R160869-1,Northern Trust,Technology Intern – Information Security,Not stated,True,,Internship,,Security,"Chicago, IL",no-sponsorship,144,,Python; Java; SQL; Bash; LLMs; Azure,2026-09-01T00:00:00Z,date_only,2026-09-02T05:26:29Z,https://ntrs.wd1.myworkdayjobs.com/northerntrust/job/Chicago-IL/Technology-Intern---Information-Security_R160869-1
workday:ntrs:/job/Chicago-IL/Technology-Intern---Infrastructure-and-IT-Management_R160872-1,Northern Trust,Technology Intern – Infrastructure and IT Management,Not stated,True,,Internship,,Software,"Chicago, IL",no-sponsorship,144,,Bash; LLMs,2026-09-01T00:00:00Z,date_only,2026-09-02T05:26:29Z,https://ntrs.wd1.myworkdayjobs.com/northerntrust/job/Chicago-IL/Technology-Intern---Infrastructure-and-IT-Management_R160872-1
workday:ntrs:/job/Chicago-IL/Technology-Intern---Software-Engineering_R160832-1,Northern Trust,Technology Intern – Software Engineering,Not stated,True,,Internship,,Software,"Chicago, IL",no-sponsorship,144,,Python; Java; SQL; Bash; LLMs; Azure; Git,2026-09-01T00:00:00Z,date_only,2026-09-02T05:26:29Z,https://ntrs.wd1.myworkdayjobs.com/northerntrust/job/Chicago-IL/Technology-Intern---Software-Engineering_R160832-1
workday:rockwellautomation:/job/Mayfield-Heights-Ohio-United-States/Intern--Content-IDE-Software-Development--LCS-_R26-5010-2,Rockwell Automation,"Intern, Content IDE Software Development (LCS)",Not stated,True,,Internship,,Software,"Mayfield Heights, Ohio, United States",no-sponsorship,90,,Git,2026-09-01T00:00:00Z,date_only,2026-09-02T05:26:29Z,https://rockwellautomation.wd1.myworkdayjobs.com/External_Rockwell_Automation/job/Mayfield-Heights-Ohio-United-States/Intern--Content-IDE-Software-Development--LCS-_R26-5010-2
workday:rockwellautomation:/job/Mayfield-Heights-Ohio-United-States/Intern--Cyber-Professional-Services--LCS-_R26-5042-2,Rockwell Automation,"Intern, Cyber Professional Services (LCS)",Not stated,True,,Internship,,Security,"Mayfield Heights, Ohio, United States",no-sponsorship,90,,,2026-09-01T00:00:00Z,date_only,2026-09-02T05:26:29Z,https://rockwellautomation.wd1.myworkdayjobs.com/External_Rockwell_Automation/job/Mayfield-Heights-Ohio-United-States/Intern--Cyber-Professional-Services--LCS-_R26-5042-2
workday:stryker:/job/Florida-Virtual-Address/Data-Science-Intern_R572731,Stryker,Data Science Intern - Remote,Not stated,True,,Internship,yes,Data & ML/AI,"Florida, Virtual Address",unknown,104,,Python; SQL,2026-09-01T00:00:00Z,date_only,2026-09-02T17:34:18Z,https://stryker.wd1.myworkdayjobs.com/StrykerCareers/job/Florida-Virtual-Address/Data-Science-Intern_R572731
workday:tencent:/job/US-California-Palo-Alto/AI-Business-Analyst-Intern_R108039-1,Tencent,AI Business Analyst Intern,Not stated,True,,Internship,,Data & ML/AI,US-California-Palo Alto,unknown,,$24.81–$42.7/hr,,2026-09-01T00:00:00Z,date_only,2026-09-02T17:34:18Z,https://tencent.wd1.myworkdayjobs.com/Tencent_Careers/job/US-California-Palo-Alto/AI-Business-Analyst-Intern_R108039-1
workday:usfoods:/job/Rosemont-IL/Intern---AI-Automation--Hybrid--Onsite---Remote-_R282109,US Foods,Intern – AI Automation (Hybrid: Onsite & Remote),Not stated,True,,Internship,yes,Data & ML/AI,Rosemont IL,no-sponsorship,10,,LLMs,2026-09-01T00:00:00Z,date_only,2026-09-02T17:34:18Z,https://usfoods.wd1.myworkdayjobs.com/usfoodscareersExternal/job/Rosemont-IL/Intern---AI-Automation--Hybrid--Onsite---Remote-_R282109
workday:usfoods:/job/Rosemont-IL/Intern---Cybersecurity-Operations--Hybrid--Onsite---Remote-_R282117,US Foods,Intern – Cybersecurity Operations (Hybrid: Onsite & Remote),Not stated,True,,Internship,yes,Security,Rosemont IL,no-sponsorship,10,,Python; Bash; Linux,2026-09-01T00:00:00Z,date_only,2026-09-02T17:34:18Z,https://usfoods.wd1.myworkdayjobs.com/usfoodscareersExternal/job/Rosemont-IL/Intern---Cybersecurity-Operations--Hybrid--Onsite---Remote-_R282117
workday:usfoods:/job/Rosemont-IL/Intern---Cybersecurity-Risk--Hybrid--Onsite---Remote-_R282118,US Foods,Intern – Cybersecurity Risk (Hybrid: Onsite & Remote),Not stated,True,,Internship,yes,Security,Rosemont IL,no-sponsorship,10,,,2026-09-01T00:00:00Z,date_only,2026-09-02T17:34:18Z,https://usfoods.wd1.myworkdayjobs.com/usfoodscareersExternal/job/Rosemont-IL/Intern---Cybersecurity-Risk--Hybrid--Onsite---Remote-_R282118
workday:usfoods:/job/Rosemont-IL/Intern---Data-Analyst--Hybrid--Onsite---Remote-_R282121,US Foods,Intern – Data Analyst (Hybrid: Onsite & Remote),Not stated,True,,Internship,yes,Data & ML/AI,Rosemont IL,no-sponsorship,10,,,2026-09-01T00:00:00Z,date_only,2026-09-02T17:34:18Z,https://usfoods.wd1.myworkdayjobs.com/usfoodscareersExternal/job/Rosemont-IL/Intern---Data-Analyst--Hybrid--Onsite---Remote-_R282121
workday:usfoods:/job/Rosemont-IL/Intern---Data-Engineer--Hybrid--Onsite---Remote-_R282116,US Foods,Intern – Data Engineer (Hybrid: Onsite & Remote),Not stated,True,,Internship,yes,Data & ML/AI,Rosemont IL,no-sponsorship,10,,Python; SQL; Pandas; LLMs; AWS; Linux; Git; Kafka,2026-09-01T00:00:00Z,date_only,2026-09-02T17:34:18Z,https://usfoods.wd1.myworkdayjobs.com/usfoodscareersExternal/job/Rosemont-IL/Intern---Data-Engineer--Hybrid--Onsite---Remote-_R282116
workday:usfoods:/job/Rosemont-IL/Intern---Software-Engineer--Digital-Commerce--Hybrid--Onsite---Remote-_R282111,US Foods,"Intern – Software Engineer, Digital Commerce (Hybrid: Onsite & Remote)",Not stated,True,,Internship,yes,Software,Rosemont IL,no-sponsorship,10,,Java; JavaScript; Angular; HTML/CSS; AWS; Kubernetes; Docker; Git,2026-09-01T00:00:00Z,date_only,2026-09-02T17:34:18Z,https://usfoods.wd1.myworkdayjobs.com/usfoodscareersExternal/job/Rosemont-IL/Intern---Software-Engineer--Digital-Commerce--Hybrid--Onsite---Remote-_R282111
workday:usfoods:/job/Rosemont-IL/Intern---Software-Engineer--Legacy-Systems--Hybrid--Onsite---Remote-_R282106,US Foods,"Intern – Software Engineer, Legacy Systems (Hybrid: Onsite & Remote)",Not stated,True,,Internship,yes,Software,Rosemont IL,no-sponsorship,10,,SQL,2026-09-01T00:00:00Z,date_only,2026-09-02T17:34:18Z,https://usfoods.wd1.myworkdayjobs.com/usfoodscareersExternal/job/Rosemont-IL/Intern---Software-Engineer--Legacy-Systems--Hybrid--Onsite---Remote-_R282106
ashby:pluralis-research:c8f78978-a693-4863-bcc0-66af5c3fd0be,Pluralis Research,Research Scientist Intern,Not stated,True,,Internship,,Data & ML/AI,USA or Australia,unknown,,,PyTorch,2026-08-31T22:13:20.811+00:00,exact,2026-09-02T05:26:29Z,https://jobs.ashbyhq.com/pluralis-research/c8f78978-a693-4863-bcc0-66af5c3fd0be
greenhouse:epicgames:6173862004,Epic Games,Frontend Programmer Intern,Not stated,True,,Internship,,Software,"Cary,North Carolina,United States",unknown,28,,TypeScript; JavaScript; React; Unreal,2026-08-31T15:08:30-04:00,exact,2026-09-02T05:26:29Z,https://epicgames.com/careers/jobs/6173862004?gh_jid=6173862004
greenhouse:integrainterns:5406101008,Integra FEC,(SPRING) Data Analyst Intern,Not stated,True,,Internship,,Data & ML/AI,"Austin, Texas",no-sponsorship,,,Python; SQL,2026-08-31T14:08:47-04:00,exact,2026-09-02T05:26:29Z,https://job-boards.greenhouse.io/integrainterns/jobs/5406101008
greenhouse:integrainterns:5406110008,Integra FEC,(SUMMER) Data Analyst Intern,Not stated,True,,Internship,,Data & ML/AI,"Austin, Texas",no-sponsorship,,,Python; SQL,2026-08-31T14:08:58-04:00,exact,2026-09-02T05:26:29Z,https://job-boards.greenhouse.io/integrainterns/jobs/5406110008
greenhouse:katalyst:6176711004,Katalyst Space Technologies,Engineering Intern (Electrical / Mechanical / GNC / Software),Not stated,True,,Internship,,Hardware,"Broomfield, Colorado, United States",unknown,,,Python; C++; MATLAB; Linux,2026-08-31T19:15:59-04:00,exact,2026-09-02T05:26:29Z,https://job-boards.greenhouse.io/katalyst/jobs/6176711004
greenhouse:stripe:8128745,Stripe,"Software Engineer, Intern (Summer or Winter)",Not stated,True,,Internship,,Software,"San Francisco, Seattle, New York City",unknown,441,,Java; JavaScript; Scala; Ruby,2026-08-31T18:20:45-04:00,exact,2026-09-02T05:26:29Z,https://stripe.com/jobs/search?gh_jid=8128745
workday:brunswick:/job/Champaign-IL/Software-Engineering-Intern_JR-051316,Brunswick,Software Engineering Intern,Not stated,True,,Internship,,Software,"Champaign, IL",unknown,54,$18–$27/hr,Python; Rust; TypeScript; Azure; Git,2026-08-31T00:00:00Z,date_only,2026-09-02T05:26:29Z,https://brunswick.wd1.myworkdayjobs.com/search/job/Champaign-IL/Software-Engineering-Intern_JR-051316
workday:brunswick:/job/Fond-du-Lac-WI/Mercury-Marine--Software-Controls-Engineering-Intern_JR-051436,Brunswick,Mercury Marine: Software Controls Engineering Intern,Not stated,True,,Internship,,Software,"Fond du Lac, WI",unknown,54,$18–$27.5/hr,MATLAB,2026-08-31T00:00:00Z,date_only,2026-09-02T05:26:29Z,https://brunswick.wd1.myworkdayjobs.com/search/job/Fond-du-Lac-WI/Mercury-Marine--Software-Controls-Engineering-Intern_JR-051436
workday:caci:/job/Danbury-CT-US/Software-Engineering-Co-op---Spring---Summer-2027_331356-1,CACI,Software Engineering Co-op - Spring & Summer 2027,Spring 2027,False,,Co-op,,Software,"Danbury, CT, US",unknown,,,Python; Java; C++; C#; MATLAB,2026-08-31T00:00:00Z,date_only,2026-09-02T17:34:18Z,https://caci.wd1.myworkdayjobs.com/external/job/Danbury-CT-US/Software-Engineering-Co-op---Spring---Summer-2027_331356-1
workday:cibc:/job/Chicago-IL/XMLNAME-2027-Spring-Term-Software-Engineer-Co-op---Chicago--Northeastern-University-_2617782-1,CIBC,2027 Spring Term Software Engineer Co-op - Chicago (Northeastern University),Spring 2027,False,,Co-op,,Software,"Chicago, IL",no-sponsorship,,$36/hr,Python; Java; C++; C#,2026-08-31T00:00:00Z,date_only,2026-09-02T05:26:29Z,https://cibc.wd3.myworkdayjobs.com/search/job/Chicago-IL/XMLNAME-2027-Spring-Term-Software-Engineer-Co-op---Chicago--Northeastern-University-_2617782-1
workday:dairynet:/job/La-Crosse-Wisconsin/Intern--Energy-Data-Analyst_JR101052,Dairyland Power Cooperative,"Intern, Energy Data Analyst",Not stated,True,,Internship,,Data & ML/AI,"La Crosse, Wisconsin",unknown,,,SQL,2026-08-31T00:00:00Z,date_only,2026-09-02T17:34:18Z,https://dairynet.wd1.myworkdayjobs.com/DPCcareers/job/La-Crosse-Wisconsin/Intern--Energy-Data-Analyst_JR101052
workday:dairynet:/job/La-Crosse-Wisconsin/Intern--Energy-Data-Science_JR101053,Dairyland Power Cooperative,"Intern, Energy Data Science",Not stated,True,,Internship,,Data & ML/AI,"La Crosse, Wisconsin",unknown,,,Python; SQL; AWS; Git,2026-08-31T00:00:00Z,date_only,2026-09-02T17:34:18Z,https://dairynet.wd1.myworkdayjobs.com/DPCcareers/job/La-Crosse-Wisconsin/Intern--Energy-Data-Science_JR101053
workday:igsenergy:/job/Ohio-Remote/Software-Engineer-Intern_R6263,IGS Energy,Software Engineer Intern,Not stated,True,,Internship,yes,Software,Ohio Remote,no-sponsorship,,,C#; TypeScript; JavaScript; SQL; React; Angular; .NET; Azure,2026-08-31T00:00:00Z,date_only,2026-09-02T05:26:29Z,https://igsenergy.wd1.myworkdayjobs.com/IGS/job/Ohio-Remote/Software-Engineer-Intern_R6263
workday:marmon:/job/Sauget-IL/AI-Intern_JR0000045510,Marmon Holdings,AI Intern,Not stated,True,,Internship,,Data & ML/AI,"Sauget, IL",unknown,,$20–$22/hr,,2026-08-31T00:00:00Z,date_only,2026-09-02T05:26:29Z,https://marmon.wd501.myworkdayjobs.com/Marmon_Careers/job/Sauget-IL/AI-Intern_JR0000045510
workday:micron:/job/Austin-TX/Intern---AI-Systems-and-Infrastructure-Engineering_JR109990,Micron Technology,Intern - AI Systems and Infrastructure Engineering,Not stated,True,,Internship,,Data & ML/AI,"Austin, TX",unknown,489,,Python; C++; PyTorch; LLMs; CUDA; Linux,2026-08-31T00:00:00Z,date_only,2026-09-02T17:34:18Z,https://micron.wd1.myworkdayjobs.com/External/job/Austin-TX/Intern---AI-Systems-and-Infrastructure-Engineering_JR109990
ashby:exa:a9e01521-66f1-481b-89da-ec01d4620f16,Exa Labs,"Software Engineer, Intern",Not stated,True,,Internship,,Software,"San Francisco, California",offers,,$100K – $200K,C++; Rust,2026-08-28T01:16:43.904+00:00,exact,2026-09-02T05:26:29Z,https://jobs.ashbyhq.com/exa/a9e01521-66f1-481b-89da-ec01d4620f16
greenhouse:xairatherapeutics:5225658007,Xaira Therapeutics,"AI Scientist Intern, Computational Protein Design",Not stated,True,,Internship,,Data & ML/AI,"Seattle, Washington, United States; South San Francisco, California, United States",unknown,,,PyTorch; LLMs,2026-08-28T17:52:45-04:00,exact,2026-09-02T05:26:29Z,https://job-boards.greenhouse.io/xairatherapeutics/jobs/5225658007
workday:analogdevices:/job/US-MA-Wilmington/AI-ML-Engineer-Intern_R265579,Analog Devices,AI/ML Engineer Intern,Not stated,True,,Internship,,Data & ML/AI,"US, MA, Wilmington",unknown,181,,Python; C++; PyTorch; TensorFlow; Computer Vision; CUDA,2026-08-28T00:00:00Z,date_only,2026-09-02T17:34:18Z,https://analogdevices.wd1.myworkdayjobs.com/External/job/US-MA-Wilmington/AI-ML-Engineer-Intern_R265579
workday:brunswick:/job/Champaign-IL/Software-Engineering-Intern_JR-051449,Brunswick,Software Engineering Intern,Spring 2027,False,,Internship,,Software,"Champaign, IL",unknown,54,$18–$27/hr,Python; C++; ROS; Unreal,2026-08-28T00:00:00Z,date_only,2026-09-02T05:26:29Z,https://brunswick.wd1.myworkdayjobs.com/search/job/Champaign-IL/Software-Engineering-Intern_JR-051449
workday:brunswick:/job/Menomonee-Falls-WI/Software-Engineer-Intern_JR-051426-1,Brunswick,Software Engineer Intern,Not stated,True,,Internship,,Software,"Menomonee Falls, WI",no-sponsorship,54,$18–$27/hr,Python; JavaScript; SQL,2026-08-28T00:00:00Z,date_only,2026-09-02T05:26:29Z,https://brunswick.wd1.myworkdayjobs.com/search/job/Menomonee-Falls-WI/Software-Engineer-Intern_JR-051426-1
workday:disney:/job/Orlando-FL-USA/Software-Engineering-Intern--Spring-2027_10158599-1,The Walt Disney Company,"Software Engineering Intern, Spring 2027",Spring 2027,False,,Internship,,Software,"Orlando, FL, USA",unknown,,$43/hr,Java; C#; TypeScript; JavaScript; SQL; Bash; Git; PostgreSQL,2026-08-28T00:00:00Z,date_only,2026-09-02T05:26:29Z,https://disney.wd5.myworkdayjobs.com/disneycareerdc/job/Orlando-FL-USA/Software-Engineering-Intern--Spring-2027_10158599-1
workday:tiaa:/job/New-York-NY-USA/Churchill-Summer-Internship--Investment-Infrastructure---Technology--IIT-_R260800515-1,TIAA,Churchill Summer Internship: Investment Infrastructure & Technology (IIT),Not stated,True,,Internship,,Software,"New York, NY, USA",unknown,,$30/hr,Python; SQL; Git,2026-08-28T00:00:00Z,date_only,2026-09-02T17:34:18Z,https://tiaa.wd1.myworkdayjobs.com/Search/job/New-York-NY-USA/Churchill-Summer-Internship--Investment-Infrastructure---Technology--IIT-_R260800515-1
workday:bah:/job/San-Diego-CA/AI-Software-Developer-Intern_R0248115,Booz Allen,AI Software Developer Intern,Not stated,True,,Internship,,Data & ML/AI,"San Diego, CA",citizens-only,,$141k/yr,Python; PyTorch; TensorFlow; scikit-learn; LLMs; AWS; GCP; Azure,2026-08-28T00:00:00Z,date_only,2026-09-03T09:53:59Z,https://bah.wd1.myworkdayjobs.com/bah_jobs/job/San-Diego-CA/AI-Software-Developer-Intern_R0248115
workday:bah:/job/McLean-VA/University---Summer-27--Cybersecurity-Analyst-Intern_R0248214,Booz Allen,"University – Summer 27, Cybersecurity Analyst Intern",Not stated,True,,Internship,,Security,"McLean, VA",citizens-only,,$108k/yr,Python; Java; C++; JavaScript; Bash,2026-08-28T00:00:00Z,date_only,2026-09-03T09:53:59Z,https://bah.wd1.myworkdayjobs.com/bah_jobs/job/McLean-VA/University---Summer-27--Cybersecurity-Analyst-Intern_R0248214
amazon:amazon:10517567,Amazon,"Software Development Engineer Intern, Annapurna Labs - 2027",Spring 2027,False,,Internship,,Software,"Cupertino, California, USA",unknown,23139,,Python; Java; C++; PyTorch; TensorFlow; Linux,2026-08-27T00:00:00Z,date_only,2026-09-02T05:26:29Z,https://www.amazon.jobs/en/jobs/10517567/software-development-engineer-intern-annapurna-labs-2027
smartrecruiters:AbbVie:3743990014896329,AbbVie,2027 Business Technology Solutions Intern - Cybersecurity (Undergraduate),Spring 2027,False,,Internship,,Security,"North Chicago, IL, United States (Hybrid)",unknown,303,,Python; Java; C#; JavaScript; HTML/CSS; AWS; GCP; Azure,2026-08-27T16:13:39.930Z,exact,2026-09-02T05:26:29Z,https://jobs.smartrecruiters.com/AbbVie/3743990014896329
smartrecruiters:AbbVie:3743990014900496,AbbVie,2027 Business Technology Solutions Intern - Cybersecurity (Undergraduate),Spring 2027,False,,Internship,,Security,"Irvine, CA, United States (Hybrid)",unknown,303,,Python; Java; C#; JavaScript; HTML/CSS; AWS; GCP; Azure,2026-08-27T17:33:14.955Z,exact,2026-09-02T05:26:29Z,https://jobs.smartrecruiters.com/AbbVie/3743990014900496
smartrecruiters:AbbVie:3743990014900536,AbbVie,2027 Business Technology Solutions Intern - Cybersecurity (Undergraduate),Spring 2027,False,,Internship,,Security,"South San Francisco, CA, United States (Hybrid)",unknown,303,,Python; Java; C#; JavaScript; HTML/CSS; AWS; GCP; Azure,2026-08-27T17:33:44.657Z,exact,2026-09-02T05:26:29Z,https://jobs.smartrecruiters.com/AbbVie/3743990014900536
workday:ambarella:/job/US-Headquarters/Software-Architecture-Engineer-Intern_JR100365,Ambarella,Software Architecture Engineer Intern,Not stated,True,,Internship,,Software,US Headquarters,unknown,26,,Python; C++; TensorFlow; Computer Vision,2026-08-27T00:00:00Z,date_only,2026-09-02T05:26:29Z,https://ambarella.wd108.myworkdayjobs.com/ambarella/job/US-Headquarters/Software-Architecture-Engineer-Intern_JR100365
workday:ambarella:/job/US-Headquarters/Software-Development-Engineer-Intern_JR100366-1,Ambarella,Software Development Engineer Intern,Not stated,True,,Internship,,Software,US Headquarters,unknown,26,,Python; C++; Computer Vision,2026-08-27T00:00:00Z,date_only,2026-09-02T05:26:29Z,https://ambarella.wd108.myworkdayjobs.com/ambarella/job/US-Headquarters/Software-Development-Engineer-Intern_JR100366-1
workday:ambarella:/job/US-Headquarters/Software-Engineer-Intern_JR100363,Ambarella,Software Engineer Intern,Not stated,True,,Internship,,Software,US Headquarters,unknown,26,,Python; C++; PyTorch; TensorFlow,2026-08-27T00:00:00Z,date_only,2026-09-02T05:26:29Z,https://ambarella.wd108.myworkdayjobs.com/ambarella/job/US-Headquarters/Software-Engineer-Intern_JR100363
workday:bah:/job/Washington-DC/University---Applied-AI-Intern_R0248111,Booz Allen,University - Applied AI Intern,Not stated,True,,Internship,,Data & ML/AI,"Washington, DC",citizens-only,,$158k/yr,Python; Java; C++; JavaScript; SQL,2026-08-27T00:00:00Z,date_only,2026-09-02T05:26:29Z,https://bah.wd1.myworkdayjobs.com/Confidential/job/Washington-DC/University---Applied-AI-Intern_R0248111
workday:cccis:/job/Chicago-Green-St-IL/Applied-AI-Engineering-Intern_0014827,CCC Intelligent Solutions,Applied AI Engineering Intern,Not stated,True,,Internship,,Data & ML/AI,"Chicago (Green St), IL",unknown,101,$20–$43/hr,Python; TypeScript; JavaScript; LLMs; React; AWS; GCP; Azure,2026-08-27T00:00:00Z,date_only,2026-09-02T05:26:29Z,https://cccis.wd1.myworkdayjobs.com/broadbean_external/job/Chicago-Green-St-IL/Applied-AI-Engineering-Intern_0014827
workday:chemours:/job/US---Remote/AI---Data-Science-Intern_JR15013,Chemours,AI & Data Science Intern,Not stated,True,,Internship,yes,Data & ML/AI,US - Remote,unknown,,,Python; JavaScript; SQL; scikit-learn; Pandas; LLMs; React; HTML/CSS,2026-08-27T00:00:00Z,date_only,2026-09-02T05:26:29Z,https://chemours.wd103.myworkdayjobs.com/Chemours/job/US---Remote/AI---Data-Science-Intern_JR15013
workday:cnoinc:/job/Carmel-IN/Artificial-Intelligence--AI--IT-Intern-2027---REMOTE_JR170389,CNO Financial Group,Artificial Intelligence (AI) IT Intern 2027 - REMOTE,Spring 2027,False,,Internship,yes,Data & ML/AI,"Carmel, IN",unknown,,,,2026-08-27T00:00:00Z,date_only,2026-09-02T05:26:29Z,https://cnoinc.wd5.myworkdayjobs.com/Careers/job/Carmel-IN/Artificial-Intelligence--AI--IT-Intern-2027---REMOTE_JR170389
workday:psecu:/job/Harrisburg-PA/Data-Analyst-Intern_JR100964,PSECU,Data Analyst Intern,Not stated,True,,Internship,,Data & ML/AI,"Harrisburg, PA",unknown,,,Python; SQL; Tableau,2026-08-27T00:00:00Z,date_only,2026-09-02T05:26:29Z,https://psecu.wd12.myworkdayjobs.com/PSECU/job/Harrisburg-PA/Data-Analyst-Intern_JR100964
smartrecruiters:AbbVie:3743990014860211,AbbVie,2027 Business Technology Solutions Intern - Cloud Engineering (Undergraduate),Spring 2027,False,,Internship,,Software,"Irvine, CA, United States (Hybrid)",unknown,303,,HTML/CSS; AWS; GCP; Azure; Kubernetes; Docker,2026-08-26T00:53:42.076Z,exact,2026-09-02T05:26:29Z,https://jobs.smartrecruiters.com/AbbVie/3743990014860211
smartrecruiters:AbbVie:3743990014860306,AbbVie,2027 Business Technology Solutions Intern - Data & Software Engineering (Undergraduate),Spring 2027,False,,Internship,,Data & ML/AI,"Irvine, CA, United States (Hybrid)",unknown,303,,Python; Java; TypeScript; JavaScript; SQL; LLMs; Node.js; Vue,2026-08-26T00:51:58.258Z,exact,2026-09-02T05:26:29Z,https://jobs.smartrecruiters.com/AbbVie/3743990014860306
smartrecruiters:AbbVie:3743990014860386,AbbVie,2027 Business Technology Solutions Intern - Cloud Engineering (Undergraduate),Spring 2027,False,,Internship,,Software,"North Chicago, IL, United States (Hybrid)",unknown,303,,HTML/CSS; AWS; GCP; Azure; Kubernetes; Docker,2026-08-26T00:53:09.674Z,exact,2026-09-02T05:26:29Z,https://jobs.smartrecruiters.com/AbbVie/3743990014860386
smartrecruiters:AbbVie:3743990014860391,AbbVie,2027 Business Technology Solutions Intern - Data & Software Engineering (Undergraduate),Spring 2027,False,,Internship,,Data & ML/AI,"South San Francisco, CA, United States (Hybrid)",unknown,303,,Python; Java; TypeScript; JavaScript; SQL; LLMs; Node.js; Vue,2026-08-26T00:54:51.383Z,exact,2026-09-02T05:26:29Z,https://jobs.smartrecruiters.com/AbbVie/3743990014860391
smartrecruiters:AbbVie:3743990014860456,AbbVie,2027 Business Technology Solutions Intern - Cloud Engineering (Undergraduate),Spring 2027,False,,Internship,,Software,"South San Francisco, CA, United States (Hybrid)",unknown,303,,HTML/CSS; AWS; GCP; Azure; Kubernetes; Docker,2026-08-26T00:54:24.912Z,exact,2026-09-02T05:26:29Z,https://jobs.smartrecruiters.com/AbbVie/3743990014860456
smartrecruiters:BoschGroup:744000145785190,Bosch,Phone as a Key Software Engineering - Intern,Not stated,True,,Internship,,Software,"Plymouth, MI, United States",unknown,188,,Python; C++; ROS,2026-08-26T16:23:12.316Z,exact,2026-09-02T05:26:29Z,https://jobs.smartrecruiters.com/BoschGroup/744000145785190
workday:ancestry:/job/Draper-Utah/Software-Engineer---Observability--Co-op_R003434,Ancestry,"Software Engineer – Observability, Co-op",Not stated,True,,Co-op,,Software,"Draper, Utah",unknown,,,Python; Java; TypeScript; JavaScript; SQL; LLMs; React; Node.js,2026-08-26T00:00:00Z,date_only,2026-09-02T05:26:29Z,https://ancestry.wd501.myworkdayjobs.com/Careers/job/Draper-Utah/Software-Engineer---Observability--Co-op_R003434
workday:aoins:/job/Lansing-MI/Intern---Analytics-Web-Systems-Developer_R_14272,Auto-Owners Insurance,Intern - Analytics Web Systems Developer,Not stated,True,,Internship,,Data & ML/AI,"Lansing, MI",unknown,,,C++; C#; JavaScript; SQL; Angular; HTML/CSS; .NET; AWS,2026-08-26T00:00:00Z,date_only,2026-09-02T05:26:29Z,https://aoins.wd5.myworkdayjobs.com/AutoOwners/job/Lansing-MI/Intern---Analytics-Web-Systems-Developer_R_14272
workday:customersbank:/job/Malvern-PA/AI-Innovation-Risk-Co-Op_REQ-2026-978,Customers Bank,AI Innovation Risk Co-Op,Not stated,True,,Co-op,,Data & ML/AI,"Malvern, PA",no-sponsorship,,,,2026-08-26T00:00:00Z,date_only,2026-09-02T05:26:29Z,https://customersbank.wd1.myworkdayjobs.com/customersbankcareers/job/Malvern-PA/AI-Innovation-Risk-Co-Op_REQ-2026-978
workday:nrel:/job/Golden-CO/Undergraduate-graduate-intern---software-and-data-infrastructure-for-autonomous-thin-film-experimentation--Year-Round-_R14394,National Laboratory of the Rockies,Undergraduate/graduate intern - software and data infrastructure for autonomous thin film experimentation (Year-Round),Not stated,True,,Internship,,Data & ML/AI,"Golden, CO",unknown,,,Python; Computer Vision; Git,2026-08-26T00:00:00Z,date_only,2026-09-02T05:26:29Z,https://nrel.wd5.myworkdayjobs.com/NLR/job/Golden-CO/Undergraduate-graduate-intern---software-and-data-infrastructure-for-autonomous-thin-film-experimentation--Year-Round-_R14394
workday:bah:/job/McLean-VA/AI-RAN-Telecommunications-Engineer-Intern_R0246869,Booz Allen,AI RAN Telecommunications Engineer Intern,Not stated,True,,Internship,,Data & ML/AI,"McLean, VA",citizens-only,,$108k/yr,Python; C++; MATLAB,2026-08-26T00:00:00Z,date_only,2026-09-03T09:53:59Z,https://bah.wd1.myworkdayjobs.com/bah_jobs/job/McLean-VA/AI-RAN-Telecommunications-Engineer-Intern_R0246869
ashby:maximor:3ff6e57d-5430-4836-b6f0-19044d8ee6d8,Maximor AI,Software engineering Intern,Not stated,True,,Internship,,Software,New York City,unknown,,,Python; TypeScript; JavaScript; LLMs; React; AWS; GCP; Kubernetes,2026-08-25T20:15:07.571+00:00,exact,2026-09-02T05:26:29Z,https://jobs.ashbyhq.com/maximor/3ff6e57d-5430-4836-b6f0-19044d8ee6d8
greenhouse:verkada:5210813007,Verkada,Backend Software Engineering Intern 2027,Spring 2027,False,,Internship,,Software,"San Mateo, CA United States",offers,67,,Python; Go; Computer Vision; AWS; Kubernetes; Docker; Terraform; Linux,2026-08-25T14:11:57-04:00,exact,2026-09-02T05:26:29Z,https://job-boards.greenhouse.io/verkada/jobs/5210813007
greenhouse:verkada:5210942007,Verkada,Frontend Software Engineering Intern 2027,Spring 2027,False,,Internship,,Software,"San Mateo, CA United States",offers,67,,TypeScript; JavaScript; React; Angular; Vue; HTML/CSS,2026-08-25T14:12:05-04:00,exact,2026-09-02T05:26:29Z,https://job-boards.greenhouse.io/verkada/jobs/5210942007
greenhouse:verkada:5211595007,Verkada,Embedded Software Engineering Intern 2027,Spring 2027,False,,Internship,,Software,"San Mateo, CA United States",offers,67,,C++; Linux,2026-08-25T14:12:01-04:00,exact,2026-09-02T05:26:29Z,https://job-boards.greenhouse.io/verkada/jobs/5211595007
greenhouse:verkada:5213881007,Verkada,Security Software Engineering Intern 2027,Spring 2027,False,,Internship,,Security,"San Mateo, CA United States",offers,67,,Python; Go; Computer Vision; AWS; Kubernetes; Docker; Terraform; Linux,2026-08-25T14:12:08-04:00,exact,2026-09-02T05:26:29Z,https://job-boards.greenhouse.io/verkada/jobs/5213881007
greenhouse:verkada:5219131007,Verkada,Mobile Software Engineering Intern 2027,Spring 2027,False,,Internship,,Software,"San Mateo, CA United States",offers,67,,Swift; Kotlin,2026-08-25T14:12:17-04:00,exact,2026-09-02T05:26:29Z,https://job-boards.greenhouse.io/verkada/jobs/5219131007
oracle:ebxr.fa.us2.oraclecloud.com:214459,DTCC,Application Developer Intern [2027 Intern Program],Spring 2027,False,,Internship,,Software,"Jersey City, NJ, United States; Tampa, FL, United States; Dallas, TX, United States",unknown,,,Python; Java; TypeScript; JavaScript; SQL; React; Angular; Spring,2026-08-25,date_only,2026-09-02T05:26:29Z,https://ebxr.fa.us2.oraclecloud.com/hcmUI/CandidateExperience/en/sites/CX_1/job/214459
oracle:ebxr.fa.us2.oraclecloud.com:214473,DTCC,Infrastructure Engineer Intern [2027 Intern Program],Spring 2027,False,,Internship,,Software,"Jersey City, NJ, United States; Tampa, FL, United States; Dallas, TX, United States",unknown,,,Python; SQL; Bash; AWS; Azure; Linux; Git,2026-08-25,date_only,2026-09-02T05:26:29Z,https://ebxr.fa.us2.oraclecloud.com/hcmUI/CandidateExperience/en/sites/CX_1/job/214473
oracle:ebxr.fa.us2.oraclecloud.com:214476,DTCC,Information Security Intern [2027 Intern Program],Spring 2027,False,,Internship,,Security,"Jersey City, NJ, United States; Tampa, FL, United States; Dallas, TX, United States",unknown,,,,2026-08-25,date_only,2026-09-02T05:26:29Z,https://ebxr.fa.us2.oraclecloud.com/hcmUI/CandidateExperience/en/sites/CX_1/job/214476
oracle:ebxr.fa.us2.oraclecloud.com:214487,DTCC,Cyber Security Risk Intern [2027 Internship Program],Spring 2027,False,,Internship,,Security,"Jersey City, NJ, United States; Tampa, FL, United States; Dallas, TX, United States",unknown,,,,2026-08-25,date_only,2026-09-02T05:26:29Z,https://ebxr.fa.us2.oraclecloud.com/hcmUI/CandidateExperience/en/sites/CX_1/job/214487
oracle:fa-evmr-saasfaprod1.fa.ocs.oraclecloud.com:39908,Nokia,Deepfield Software Engineer Co-op,Not stated,True,,Co-op,,Software,United States,unknown,,,Python; Rust; JavaScript; LLMs; React; HTML/CSS; Linux,2026-08-25,date_only,2026-09-02T05:26:29Z,https://fa-evmr-saasfaprod1.fa.ocs.oraclecloud.com/hcmUI/CandidateExperience/en/sites/CX_1/job/39908
workday:brunswick:/job/Oshkosh-WI/Mercury-Marine--Software-Validation-Intern_JR-051160,Brunswick,Mercury Marine: Software Validation Intern,Not stated,True,,Internship,,Software,"Oshkosh, WI",unknown,54,$18–$27.5/hr,Python; C++; C#,2026-08-25T00:00:00Z,date_only,2026-09-02T05:26:29Z,https://brunswick.wd1.myworkdayjobs.com/search/job/Oshkosh-WI/Mercury-Marine--Software-Validation-Intern_JR-051160
workday:brunswick:/job/Tulsa-OK/Software-Engineering-Intern_JR-051321,Brunswick,Software Engineering Intern,Not stated,True,,Internship,,Software,"Tulsa, OK",no-sponsorship,54,$18–$27/hr,Python; Java; C++; Kotlin; Git,2026-08-25T00:00:00Z,date_only,2026-09-02T05:26:29Z,https://brunswick.wd1.myworkdayjobs.com/search/job/Tulsa-OK/Software-Engineering-Intern_JR-051321
greenhouse:morsecorpcoop:7967400003,Meridian Partners,Flight Software Engineer Co-op,Not stated,True,,Co-op,,Software,"Cambridge, MA",unknown,,,Python; C++; Rust; Linux,2026-08-24T20:22:51-04:00,exact,2026-09-02T05:26:29Z,https://job-boards.greenhouse.io/morsecorpcoop/jobs/7967400003
greenhouse:morsecorpcoop:7967614003,Meridian Partners,Cloud Software Engineer Co-op,Not stated,True,,Co-op,,Software,"Cambridge, MA",unknown,,,Python; AWS; GCP; Azure; Kubernetes; Docker; Terraform; Git,2026-08-24T20:50:28-04:00,exact,2026-09-02T05:26:29Z,https://job-boards.greenhouse.io/morsecorpcoop/jobs/7967614003
greenhouse:morsecorpcoop:7967886003,Meridian Partners,Data Scientist Graduate Co-op,Not stated,True,,Co-op,,Data & ML/AI,"Cambridge, MA, Arlington, VA",citizens-only,,,Python; scikit-learn; Pandas; LLMs; Computer Vision; Docker; Git; Spark,2026-08-24T21:21:07-04:00,exact,2026-09-02T05:26:29Z,https://job-boards.greenhouse.io/morsecorpcoop/jobs/7967886003
greenhouse:morsecorpcoop:7968076003,Meridian Partners,Front End Software Engineer Graduate Co-op,Not stated,True,,Co-op,,Software,"Cambridge, MA",citizens-only,,,Python; React; Git,2026-08-24T21:44:57-04:00,exact,2026-09-02T05:26:29Z,https://job-boards.greenhouse.io/morsecorpcoop/jobs/7968076003
greenhouse:morsecorpcoop:7968100003,Meridian Partners,Full Stack Software Engineer Graduate Co-op,Not stated,True,,Co-op,,Software,"Cambridge, MA, Arlington, VA, Seattle, WA",citizens-only,,,Python; JavaScript; AWS; Azure; Docker; Git,2026-08-24T21:54:23-04:00,exact,2026-09-02T05:26:29Z,https://job-boards.greenhouse.io/morsecorpcoop/jobs/7968100003
greenhouse:morsecorpcoop:7968308003,Meridian Partners,Machine Learning Engineer Co-op,Not stated,True,,Co-op,,Data & ML/AI,"Cambridge, MA, Arlington, VA, Seattle, WA",citizens-only,,,Python; LLMs; Computer Vision; AWS; Azure; Docker; Airflow,2026-08-24T22:25:21-04:00,exact,2026-09-02T05:26:29Z,https://job-boards.greenhouse.io/morsecorpcoop/jobs/7968308003
greenhouse:morsecorpcoop:7968485003,Meridian Partners,Python Software Engineer Graduate Co-op,Not stated,True,,Co-op,,Software,"Cambridge, MA, Arlington, VA, Seattle, WA",citizens-only,,,Python; AWS; Azure; Docker; Git,2026-08-24T22:42:42-04:00,exact,2026-09-02T05:26:29Z,https://job-boards.greenhouse.io/morsecorpcoop/jobs/7968485003
greenhouse:morsecorpcoop:7968605003,Meridian Partners,Embedded Software Engineer Co-op,Not stated,True,,Co-op,,Software,"Cambridge, MA",citizens-only,,,Python; C++; Rust,2026-08-24T23:07:54-04:00,exact,2026-09-02T05:26:29Z,https://job-boards.greenhouse.io/morsecorpcoop/jobs/7968605003
workday:canadiansolar:/job/Mesquite-TX/Data-Analyst--Quality-Intern_10001414,Canadian Solar,"Data Analyst, Quality Intern",Not stated,True,,Internship,,Data & ML/AI,"Mesquite, TX",unknown,,,SQL,2026-08-24T00:00:00Z,date_only,2026-09-02T05:26:29Z,https://canadiansolar.wd5.myworkdayjobs.com/CanadianSolar/job/Mesquite-TX/Data-Analyst--Quality-Intern_10001414
workday:disney:/job/Lake-Buena-Vista-FL-USA/WDW-Computer-Science---Computer-Engineering-Interns--Spring-2027_10158145-1,The Walt Disney Company,"WDW Computer Science / Computer Engineering Interns, Spring 2027",Spring 2027,False,,Internship,,Software,"Lake Buena Vista, FL, USA",unknown,,,Python; C++; C#; SQL; Node.js; AWS; GCP; Azure,2026-08-24T00:00:00Z,date_only,2026-09-02T05:26:29Z,https://disney.wd5.myworkdayjobs.com/disneycareerdc/job/Lake-Buena-Vista-FL-USA/WDW-Computer-Science---Computer-Engineering-Interns--Spring-2027_10158145-1
workday:monolithicpower:/job/San-Jose---California/AI-Developer-Intern_R-1756,Monolithic Power Systems,AI Developer Intern,Not stated,True,,Internship,,Data & ML/AI,San Jose - California,unknown,20,$30/hr,Python; Java; PyTorch; TensorFlow,2026-08-24T00:00:00Z,date_only,2026-09-02T05:26:29Z,https://monolithicpower.wd12.myworkdayjobs.com/MPS_Careers/job/San-Jose---California/AI-Developer-Intern_R-1756
ashby:ambrook:e458b046-aa7f-4022-bca5-63cdfd495456,Ambrook,Software Engineering Intern,Not stated,True,,Internship,,Software,New York,unknown,,$2K per week • + housing stipend.,TypeScript; React; Next.js; GCP; PostgreSQL,2026-08-21T19:35:46.030+00:00,exact,2026-09-02T05:26:29Z,https://jobs.ashbyhq.com/ambrook/e458b046-aa7f-4022-bca5-63cdfd495456
ashby:h3x-technologies:d406e4b4-9b48-438c-a2af-b7feb8563a40,H3X Technologies,Embedded Controls Intern (Spring),Not stated,True,,Internship,,Software,"Louisville, Colorado",unknown,,$23–$37/hr,Python; C++; Git,2026-08-21T16:44:22.442+00:00,exact,2026-09-02T05:26:29Z,https://jobs.ashbyhq.com/h3x-technologies/d406e4b4-9b48-438c-a2af-b7feb8563a40
ashby:weave:1318e017-3ea6-4a1f-aac7-1c11a46cda8d,Weave,Data Engineer Intern,Not stated,True,,Internship,,Data & ML/AI,"Weave - Headquarters (Lehi, UT)",unknown,,,Python; SQL; Git; Snowflake,2026-08-21T19:14:42.880+00:00,exact,2026-09-02T05:26:29Z,https://jobs.ashbyhq.com/weave/1318e017-3ea6-4a1f-aac7-1c11a46cda8d
greenhouse:cssmerge:8695475002,Atoms,Robotics Software Engineer Intern,Not stated,True,,Internship,,Hardware,"Pittsburgh, PA",unknown,,$25–$35/hr,Python; Java; C++; Rust; Computer Vision; Linux; Git; ROS,2026-08-21T17:36:22-04:00,exact,2026-09-02T05:26:29Z,https://job-boards.greenhouse.io/cssmerge/jobs/8695475002
greenhouse:syskahennessy:8147733,Syska Hennessy Group,Innovations Intern (Full Stack/Front End Engineering),Not stated,True,,Internship,,Software,New York,unknown,,,JavaScript,2026-08-21T12:56:19-04:00,exact,2026-09-02T05:26:29Z,https://job-boards.greenhouse.io/syskahennessy/jobs/8147733
smartrecruiters:AbbVie:3743990014697918,AbbVie,2027 Business Technology Solutions Intern - Data & Software Engineering (Undergraduate),Spring 2027,False,,Internship,,Data & ML/AI,"North Chicago, IL, United States (Hybrid)",unknown,303,,Python; Java; TypeScript; JavaScript; SQL; LLMs; Node.js; Vue,2026-08-20T13:47:48.995Z,exact,2026-09-02T05:26:29Z,https://jobs.smartrecruiters.com/AbbVie/3743990014697918
workday:crowe:/job/Chicago-IL-USA/AI-Engineering-Intern_R-51782,Crowe,AI Engineering Intern,Not stated,True,,Internship,,Data & ML/AI,Chicago IL USA,unknown,37,$27–$42/hr,Python; PyTorch; TensorFlow; LLMs; AWS; GCP; Azure; Kubernetes,2026-08-20T00:00:00Z,date_only,2026-09-02T05:26:29Z,https://crowe.wd12.myworkdayjobs.com/external_careers/job/Chicago-IL-USA/AI-Engineering-Intern_R-51782
workday:crowe:/job/Chicago-IL-USA/AI-Functional-Intern_R-71008,Crowe,AI Functional Intern,Not stated,True,,Internship,,Data & ML/AI,Chicago IL USA,unknown,37,$27–$42/hr,LLMs; Azure,2026-08-20T00:00:00Z,date_only,2026-09-02T05:26:29Z,https://crowe.wd12.myworkdayjobs.com/external_careers/job/Chicago-IL-USA/AI-Functional-Intern_R-71008
workday:crowe:/job/Chicago-IL-USA/AI-Project-Coordinator-Intern_R-71007,Crowe,AI Project Coordinator Intern,Not stated,True,,Internship,,Data & ML/AI,Chicago IL USA,unknown,37,$27–$42/hr,LLMs; Azure,2026-08-20T00:00:00Z,date_only,2026-09-02T05:26:29Z,https://crowe.wd12.myworkdayjobs.com/external_careers/job/Chicago-IL-USA/AI-Project-Coordinator-Intern_R-71007
workday:crowe:/job/Chicago-IL-USA/Data-Analytics-Developer-Intern_R-71041,Crowe,Data Analytics Developer Intern,Not stated,True,,Internship,,Data & ML/AI,Chicago IL USA,unknown,37,$27–$42/hr,SQL; Azure; Tableau,2026-08-20T00:00:00Z,date_only,2026-09-02T05:26:29Z,https://crowe.wd12.myworkdayjobs.com/external_careers/job/Chicago-IL-USA/Data-Analytics-Developer-Intern_R-71041
workday:fifththird:/job/Cincinnati-OH/Information-Security-Co-op---Code-Security---Spring-2027_R71575,Fifth Third Bank,Information Security Co-op – Code Security – Spring 2027,Spring 2027,False,,Co-op,,Security,"Cincinnati, OH",unknown,,,Python; JavaScript; AWS,2026-08-20T00:00:00Z,date_only,2026-09-02T05:26:29Z,https://fifththird.wd5.myworkdayjobs.com/53careers/job/Cincinnati-OH/Information-Security-Co-op---Code-Security---Spring-2027_R71575
workday:fifththird:/job/Cincinnati-OH/Information-Security-Co-op---Identity---Access-Management---Spring-2027_R71590,Fifth Third Bank,Information Security Co-op – Identity & Access Management – Spring 2027,Spring 2027,False,,Co-op,,Security,"Cincinnati, OH",unknown,,,Linux,2026-08-20T00:00:00Z,date_only,2026-09-02T05:26:29Z,https://fifththird.wd5.myworkdayjobs.com/53careers/job/Cincinnati-OH/Information-Security-Co-op---Identity---Access-Management---Spring-2027_R71590
workday:mosaic:/job/US---Tampa-FL-Lithia-area/Artificial-Intelligence-Co-Op-Intern---Spring-2027_64729,Mosaic,Artificial Intelligence Co-Op/Intern - Spring 2027,Spring 2027,False,,Internship / Co-op,,Data & ML/AI,"US - Tampa, FL (Lithia area)",unknown,9,,Python; PyTorch; TensorFlow; scikit-learn; Pandas; LLMs; AWS; GCP,2026-08-20T00:00:00Z,date_only,2026-09-02T05:26:29Z,https://mosaic.wd5.myworkdayjobs.com/mosaic/job/US---Tampa-FL-Lithia-area/Artificial-Intelligence-Co-Op-Intern---Spring-2027_64729
ashby:n1:afe7deb5-9cfd-4926-bcb4-058d418592a6,N1,"Software Engineer Intern (Backend, Rust)",Not stated,True,,Internship,,Software,New York City,unknown,,,Rust; C++,2026-08-19T19:57:20.073+00:00,exact,2026-09-02T05:26:29Z,https://jobs.ashbyhq.com/n1/afe7deb5-9cfd-4926-bcb4-058d418592a6
workday:copart:/job/Dallas-TX---Headquarters/Site-Reliability-Engineer-Intern_JR110631,Copart,Site Reliability Engineer Intern,Not stated,True,,Internship,,Software,"Dallas, TX - Headquarters",unknown,83,,Python; AWS; GCP; Kubernetes; Linux,2026-08-19T00:00:00Z,date_only,2026-09-02T05:26:29Z,https://copart.wd12.myworkdayjobs.com/copart/job/Dallas-TX---Headquarters/Site-Reliability-Engineer-Intern_JR110631
greenhouse:gardacp:6146213004,Garda Capital Partners,Software Engineer Intern,Not stated,True,,Internship,,Software,"New York, New York, United States",unknown,6,,Python; SQL,2026-08-18T16:01:53-04:00,exact,2026-09-02T05:26:29Z,https://job-boards.greenhouse.io/gardacp/jobs/6146213004
workday:amcor:/job/ASC-Atlanta-HQ-GA/AI-Innovation-Engineer_REQ_93190,Amcor,Intern - AI Innovation Engineer,Not stated,True,,Internship,,Data & ML/AI,ASC Atlanta HQ GA,unknown,,,Python; C#; TypeScript; JavaScript; LLMs; React; Azure; Git,2026-08-18T00:00:00Z,date_only,2026-09-02T05:26:29Z,https://amcor.wd5.myworkdayjobs.com/amcor_external_career_site/job/ASC-Atlanta-HQ-GA/AI-Innovation-Engineer_REQ_93190
lever:acds:5a872bb7-8d9f-46e3-9e72-f5c69445e787,ACDS,Align AI Software Development Intern,Not stated,True,,Internship,,Data & ML/AI,"Bentonville, AR",unknown,,15 USD/hr,Python; TypeScript; JavaScript,2026-08-17T15:18:11Z,exact,2026-09-02T05:26:29Z,https://jobs.lever.co/acds/5a872bb7-8d9f-46e3-9e72-f5c69445e787
workday:americanfidelity:/job/Oklahoma-City-Oklahoma/Software-Dev-Internship_JR1005,American Fidelity,Software Dev Internship (OKC local only),Not stated,True,,Internship,,Software,"Oklahoma City, Oklahoma",unknown,,,,2026-08-17T00:00:00Z,date_only,2026-09-02T05:26:29Z,https://americanfidelity.wd5.myworkdayjobs.com/External/job/Oklahoma-City-Oklahoma/Software-Dev-Internship_JR1005
greenhouse:thenuclearcompany:5391888008,The Nuclear Company,Spring 2027 AI Applied Research Internship,Spring 2027,False,,Internship,,Data & ML/AI,"Washington, DC",citizens-only,,,Python; SQL; scikit-learn; Pandas; AWS; Databricks; Snowflake,2026-08-14T16:27:39-04:00,exact,2026-09-02T05:26:29Z,https://job-boards.greenhouse.io/thenuclearcompany/jobs/5391888008
greenhouse:transmarketgroup:5212335007,TransMarket Group,Software Engineering Intern,Not stated,True,,Internship,,Software,"Chicago, Illinois, United States",unknown,,,Python; C++; Linux,2026-08-14T11:18:03-04:00,exact,2026-09-02T05:26:29Z,https://job-boards.greenhouse.io/transmarketgroup/jobs/5212335007?gh_jid=5212335007
workday:copart:/job/Dallas-TX---Headquarters/Software-Engineering-Intern_JR101510,Copart,Software Engineering Intern,Not stated,True,,Internship,,Software,"Dallas, TX - Headquarters",unknown,83,,Python; Java; TypeScript; JavaScript; SQL; LLMs; React; Next.js,2026-08-14T00:00:00Z,date_only,2026-09-02T05:26:29Z,https://copart.wd12.myworkdayjobs.com/copart/job/Dallas-TX---Headquarters/Software-Engineering-Intern_JR101510
workday:oneok:/job/Tulsa-OK/Cyber-Security-Intern---Tulsa--OK_R8449,ONEOK,"Cyber Security Intern - Tulsa, OK",Not stated,True,,Internship,,Security,"Tulsa, OK",unknown,,,,2026-08-14T00:00:00Z,date_only,2026-09-02T05:26:29Z,https://oneok.wd1.myworkdayjobs.com/ONEOK_Early_Careers/job/Tulsa-OK/Cyber-Security-Intern---Tulsa--OK_R8449
smartrecruiters:Interco:744000143346169,Interco,Paid Internship -- Software Development -- React,Not stated,True,,Internship,,Software,"St. Louis, MO, United States",no-sponsorship,,$15/hr,React; JavaScript; HTML/CSS,2026-08-13T15:24:56.151Z,exact,2026-09-02T05:26:29Z,https://jobs.smartrecruiters.com/Interco/744000143346169
workable:connectprep:D1C67258C0,ConnectPrep,Data Analyst Internship,Not stated,True,,Internship,yes,Data & ML/AI,"Washington, District of Columbia, United States (Remote)",citizens-only,,,Python; SQL; Pandas; Tableau,2026-08-13T00:00:00.000Z,date_only,2026-09-02T05:26:29Z,https://apply.workable.com/connectprep/j/D1C67258C0/
workday:ameren:/job/St-Louis-MO/Cybersecurity-Co-Op_033868-1,Ameren,Cybersecurity Co-Op,Spring 2027,False,,Co-op,,Security,"St. Louis, MO",unknown,,,,2026-08-10T00:00:00Z,date_only,2026-09-02T05:26:29Z,https://ameren.wd1.myworkdayjobs.com/External/job/St-Louis-MO/Cybersecurity-Co-Op_033868-1
workday:canadiansolar:/job/Walnut-Creek-CA/Intern--IT-Infrastructure-Support_10001383,Canadian Solar,"Intern, IT Infrastructure Support",Not stated,True,,Internship,,Software,"Walnut Creek, CA",unknown,,$20–$25/hr,Azure,2026-08-10T00:00:00Z,date_only,2026-09-02T05:26:29Z,https://canadiansolar.wd5.myworkdayjobs.com/CanadianSolar/job/Walnut-Creek-CA/Intern--IT-Infrastructure-Support_10001383
greenhouse:axontalentcommunity:7837246003,Axon,2027 US Firmware Engineering Internship,Spring 2027,False,,Internship,,Hardware,"Seattle, Washington, United States",unknown,,,Python; C++; Go; Rust; Linux,2026-08-07T17:47:11-04:00,exact,2026-09-02T05:26:29Z,https://job-boards.greenhouse.io/axontalentcommunity/jobs/7837246003
greenhouse:thenuclearcompany:5383171008,The Nuclear Company,Spring 2027 Software Engineering Intern,Spring 2027,False,,Internship,,Software,"Washington, DC",citizens-only,,,Python; Java; C++; Rust; TypeScript; LLMs; AWS,2026-08-07T14:07:28-04:00,exact,2026-09-02T05:26:29Z,https://job-boards.greenhouse.io/thenuclearcompany/jobs/5383171008
greenhouse:thenuclearcompany:5383212008,The Nuclear Company,Spring 2027 AI/ML Engineering Intern,Spring 2027,False,,Internship,,Data & ML/AI,"Washington, DC",citizens-only,,,Python; PyTorch; LLMs; AWS,2026-08-07T14:06:50-04:00,exact,2026-09-02T05:26:29Z,https://job-boards.greenhouse.io/thenuclearcompany/jobs/5383212008
greenhouse:thenuclearcompany:5383218008,The Nuclear Company,Spring 2027 Data Science Intern,Spring 2027,False,,Internship,,Data & ML/AI,"Washington, DC",citizens-only,,,Python; SQL; scikit-learn; Pandas; AWS,2026-08-07T14:07:10-04:00,exact,2026-09-02T05:26:29Z,https://job-boards.greenhouse.io/thenuclearcompany/jobs/5383218008
greenhouse:vardaspace:7824766003,Varda Space,Cybersecurity Internship - Spring 2027,Spring 2027,False,,Internship,,Security,"El Segundo, California, United States",citizens-only,,,Python; Bash,2026-08-07T12:46:22-04:00,exact,2026-09-02T05:26:29Z,https://job-boards.greenhouse.io/vardaspace/jobs/7824766003
greenhouse:vardaspace:7824814003,Varda Space,Site Reliability Internship - Spring 2027,Spring 2027,False,,Internship,,Other,"El Segundo, California, United States",citizens-only,,,Python; AWS; GCP; Azure; Kubernetes; Docker; Linux; Git,2026-08-07T12:47:25-04:00,exact,2026-09-02T05:26:29Z,https://job-boards.greenhouse.io/vardaspace/jobs/7824814003
greenhouse:vardaspace:7824815003,Varda Space,Flight Software Internship - Spring 2027,Spring 2027,False,,Internship,,Software,"El Segundo, California, United States",citizens-only,,,Python; C++; Linux,2026-08-07T12:46:38-04:00,exact,2026-09-02T05:26:29Z,https://job-boards.greenhouse.io/vardaspace/jobs/7824815003
workday:copart:/job/Dallas-TX---Headquarters/Database-Engineering-Intern_JR109636,Copart,Database Engineering Intern,Not stated,True,,Internship,,Software,"Dallas, TX - Headquarters",unknown,83,,Python; JavaScript; SQL; Pandas; HTML/CSS; Django; Flask; Linux,2026-08-07T00:00:00Z,date_only,2026-09-02T05:26:29Z,https://copart.wd12.myworkdayjobs.com/copart/job/Dallas-TX---Headquarters/Database-Engineering-Intern_JR109636
workday:copart:/job/Dallas-TX---Headquarters/Software-Engineering-Intern_JR109441,Copart,Software Engineering Intern,Not stated,True,,Internship,,Software,"Dallas, TX - Headquarters",unknown,83,,Java; SQL; Spring; Kafka; Redis,2026-08-07T00:00:00Z,date_only,2026-09-02T05:26:29Z,https://copart.wd12.myworkdayjobs.com/copart/job/Dallas-TX---Headquarters/Software-Engineering-Intern_JR109441
workday:copart:/job/Dallas-TX---Headquarters/Software-Engineering-Intern_JR110079,Copart,Software Engineering Intern,Not stated,True,,Internship,,Software,"Dallas, TX - Headquarters",unknown,83,,Python; Java; TypeScript; JavaScript; SQL; LLMs; React; Next.js,2026-08-07T00:00:00Z,date_only,2026-09-02T05:26:29Z,https://copart.wd12.myworkdayjobs.com/copart/job/Dallas-TX---Headquarters/Software-Engineering-Intern_JR110079
ashby:centerfield:1d7eacc1-37f7-478c-9b0a-fa7974f1a9e4,Centerfield,Frontend Engineer Intern (6 month internship),Not stated,True,,Internship,,Software,"Los Angeles, California",unknown,,$30 per hour,Java; TypeScript; JavaScript; React; Next.js; Node.js; HTML/CSS; AWS,2026-08-06T20:03:54.164+00:00,exact,2026-09-02T05:26:29Z,https://jobs.ashbyhq.com/centerfield/1d7eacc1-37f7-478c-9b0a-fa7974f1a9e4
workday:draper:/job/Cambridge-MA/Embedded-Quality---Fielded-Systems-Intern_JR002718,Draper,Embedded Quality & Fielded Systems Intern,Not stated,True,,Internship,,Software,"Cambridge, MA",unknown,,,Python; C#,2026-08-05T00:00:00Z,date_only,2026-09-02T05:26:29Z,https://draper.wd5.myworkdayjobs.com/Draper_Careers/job/Cambridge-MA/Embedded-Quality---Fielded-Systems-Intern_JR002718
lever:diversified-automation:827a092d-b8a3-4ca9-a84a-e8c236d1aabc,Diversified Automation,Software Engineering Co-op,Not stated,True,,Co-op,,Software,"Louisville, KY",unknown,,,,2026-08-04T14:16:00Z,exact,2026-09-02T05:26:29Z,https://jobs.lever.co/diversified-automation/827a092d-b8a3-4ca9-a84a-e8c236d1aabc
ashby:yotta:09821a51-fbe6-42a7-a566-0d2b5d40fae3,Yotta Labs,Research Engineer Intern - AI Systems,Not stated,True,,Internship,,Data & ML/AI,United States,unknown,,,Python; C++; PyTorch; LLMs; CUDA; AWS; Git,2026-08-02T16:29:42.695+00:00,exact,2026-09-02T05:26:29Z,https://jobs.ashbyhq.com/yotta/09821a51-fbe6-42a7-a566-0d2b5d40fae3
ashby:heliux:c71c0650-b6f7-491f-b291-6b280f58ee9c,Heliux,"Software Engineer (Internship, Spring 2027)",Spring 2027,False,,Internship,,Software,"HQ (San Francisco, CA)",unknown,,,Python; Java; Rust; TypeScript,2026-07-31T01:21:03.429+00:00,exact,2026-09-02T05:26:29Z,https://jobs.ashbyhq.com/heliux/c71c0650-b6f7-491f-b291-6b280f58ee9c
ashby:melius:b61f063a-4f94-4e50-a4ef-05aaab552280,Melius,Software Engineering Intern [Spring/Summer 2027],Spring 2027,False,,Internship,,Software,New York City,unknown,,$11K per month,TypeScript; LLMs; React; Next.js; PostgreSQL,2026-07-31T14:00:47.682+00:00,exact,2026-09-02T05:26:29Z,https://jobs.ashbyhq.com/melius/b61f063a-4f94-4e50-a4ef-05aaab552280
greenhouse:virtu:8657500002,Virtu Financial,2027 Internship - Frontend Engineer (UI),Spring 2027,False,,Internship,,Software,New York,unknown,,,Python; Java; C++; TypeScript; JavaScript; React,2026-07-29T17:31:34-04:00,exact,2026-09-02T05:26:29Z,https://job-boards.greenhouse.io/virtu/jobs/8657500002
ashby:modal:38888294-6bc7-4dab-b072-6d0f0c2ed79a,Modal,ML Research Intern,Not stated,True,,Internship,,Data & ML/AI,New York,unknown,,$15K per month,Git,2026-07-28T22:02:03.674+00:00,exact,2026-09-02T05:26:29Z,https://jobs.ashbyhq.com/modal/38888294-6bc7-4dab-b072-6d0f0c2ed79a
greenhouse:tenstorrentuniversity:5186916007,Tenstorrent,"Software Engineering Intern, Power Modeling & AI Tools",Not stated,True,,Internship,,Data & ML/AI,"Santa Clara, California, United States",unknown,,$50/hr,Python; SQL; LLMs; Git,2026-07-23T14:30:30-04:00,exact,2026-09-02T05:26:29Z,https://job-boards.greenhouse.io/tenstorrentuniversity/jobs/5186916007
greenhouse:rendezvousrobotics:4329122009,Rendezvous Robotics,Software Engineering Intern (Spring 2027),Spring 2027,False,,Internship,,Software,"Golden, CO",unknown,,,Python; C++; Linux,2026-07-22T18:06:40-04:00,exact,2026-09-02T05:26:29Z,https://job-boards.greenhouse.io/rendezvousrobotics/jobs/4329122009
workable:pony-dot-ai:4C1F53EF5D,Pony.ai,Research Intern - Deep Learning,Not stated,True,,Internship,,Data & ML/AI,"Fremont, California, United States",unknown,35,,Python; C++; LLMs; CUDA,2026-07-22T00:00:00.000Z,date_only,2026-09-02T05:26:29Z,https://apply.workable.com/pony-dot-ai/j/4C1F53EF5D/
workable:pony-dot-ai:BA5FFDBC71,Pony.ai,Software Engineer Intern - Generalist,Not stated,True,,Internship,,Software,"Fremont, California, United States",unknown,35,,Python; C++,2026-07-22T00:00:00.000Z,date_only,2026-09-02T05:26:29Z,https://apply.workable.com/pony-dot-ai/j/BA5FFDBC71/
greenhouse:virtu:8624408002,Virtu Financial,2027 Internship - Quantitative Trading,Spring 2027,False,,Internship,,Quant,"Austin, TX; Chicago; New York",unknown,,,Python; Java; C++; SQL,2026-07-21T15:54:04-04:00,exact,2026-09-02T05:26:29Z,https://job-boards.greenhouse.io/virtu/jobs/8624408002
lever:acds:01fdf41b-a835-4e00-8d01-0275677a8f08,ACDS,AI Operations Intern-Caddell Reynolds,Not stated,True,,Internship,,Data & ML/AI,"Fort Smith, AR",unknown,,15 USD/hr,LLMs,2026-07-20T14:48:11Z,exact,2026-09-02T05:26:29Z,https://jobs.lever.co/acds/01fdf41b-a835-4e00-8d01-0275677a8f08
greenhouse:oldmissioncapital:7796180003,Old Mission Capital,Software Engineer – 2027 Internship Program (June Start),Spring 2027,False,,Internship,,Software,"Chicago, IL, United States",unknown,8,,Python; C++; TypeScript,2026-07-15T13:45:13-04:00,exact,2026-09-02T05:26:29Z,https://www.oldmissioncapital.com/careers/?gh_jid=7796180003
greenhouse:thetradedesk:5187605007,The Trade Desk,2027 North America Software Engineering Internship,Spring 2027,False,,Internship,,Software,Bellevue; Boulder; Denver; Irvine; New York; Seattle,unknown,43,,,2026-07-15T11:53:11-04:00,exact,2026-09-02T05:26:29Z,https://job-boards.greenhouse.io/thetradedesk/jobs/5187605007
greenhouse:voloridgeinvestmentmanagement:4224862009,Voloridge,Quantitative Developer Intern 2027,Spring 2027,False,,Internship,,Quant,"Jupiter, FL",unknown,,,Python; C++; C#; SQL,2026-06-11T09:46:12-04:00,exact,2026-09-02T05:26:29Z,https://job-boards.greenhouse.io/voloridgeinvestmentmanagement/jobs/4224862009
greenhouse:voloridgeinvestmentmanagement:4226247009,Voloridge,Quantitative Research Intern 2027,Spring 2027,False,,Internship,,Quant,"Jupiter, FL",unknown,,,Python,2026-06-11T10:40:18-04:00,exact,2026-09-02T05:26:29Z,https://job-boards.greenhouse.io/voloridgeinvestmentmanagement/jobs/4226247009
greenhouse:andurilindustries:5148079007,Anduril,2027 Software Engineer Intern,Spring 2027,False,,Internship,,Software,"Atlanta, Georgia, United States; Boston, Massachusetts, United States; Broomfield, Colorado, United States; Colorado Springs, Colorado, United States; Costa Mesa, California, United States; Fort Collins, Colorado, United States; Irvine, California, United States; Reston, Virginia, United States; Seattle, Washington, United States",citizens-only,,,Python; Java; C++; Rust; Computer Vision,2026-06-10T19:33:06-04:00,exact,2026-09-02T05:26:29Z,https://boards.greenhouse.io/andurilindustries/jobs/5148079007?gh_jid=5148079007
ashby:ellipsislabs:02136b22-35b1-4b3d-8bef-567c3380a849,Ellipsis Labs,Software Engineer - 2027 Interns,Spring 2027,False,,Internship,,Software,"New York, New York",unknown,,$10K per month,Python; Java; C++; Rust; TypeScript; JavaScript; React; Docker,2026-03-26T19:40:01.700+00:00,exact,2026-09-02T05:26:29Z,https://jobs.ashbyhq.com/ellipsislabs/02136b22-35b1-4b3d-8bef-567c3380a849
greenhouse:virtu:8142539002,Virtu Financial,2027 Internship - Quantitative Researcher (Undergrad),Spring 2027,False,,Internship,,Quant,New York,unknown,,,Python; C++; Pandas,2025-09-12T07:14:41-04:00,exact,2026-09-02T05:26:29Z,https://job-boards.greenhouse.io/virtu/jobs/8142539002
